category,index,s1,r,s2
FeElectric,WOS:000348600200017,Organolead trihalide perovskite material,be emerge as,material
FeElectric,WOS:000348600200017,Organolead trihalide perovskite material,be emerge as,abundant material for cell
FeElectric,WOS:000348600200017,Organolead trihalide perovskite material,be emerge as,naturally abundant material
FeElectric,WOS:000348600200017,Organolead trihalide perovskite material,be emerge as,material for cell
FeElectric,WOS:000348600200017,Organolead trihalide perovskite material,be emerge as,naturally abundant material for cell
FeElectric,WOS:000348600200017,Organolead trihalide perovskite material,be emerge as,naturally abundant material for low-cost solar cell
FeElectric,WOS:000348600200017,Organolead trihalide perovskite material,be emerge as,material for low-cost solar cell
FeElectric,WOS:000348600200017,Organolead trihalide perovskite material,be emerge as,abundant material
FeElectric,WOS:000348600200017,Organolead trihalide perovskite material,be emerge as,material for low-cost cell
FeElectric,WOS:000348600200017,Organolead trihalide perovskite material,be emerge as,naturally abundant material for solar cell
FeElectric,WOS:000348600200017,Organolead trihalide perovskite material,be emerge as,abundant material for low-cost solar cell
FeElectric,WOS:000348600200017,Organolead trihalide perovskite material,be emerge as,abundant material for low-cost cell
FeElectric,WOS:000348600200017,Organolead trihalide perovskite material,be emerge as,material for solar cell
FeElectric,WOS:000348600200017,Organolead trihalide perovskite material,be emerge as,abundant material for solar cell
FeElectric,WOS:000348600200017,Organolead trihalide perovskite material,be emerge as,naturally abundant material for low-cost cell
FeElectric,WOS:000348600200017,direction,apply,small field
FeElectric,WOS:000348600200017,direction,be switch repeatedly in,otp-based device
FeElectric,WOS:000348600200017,direction,be switch in,otp-based device with vertical cell configuration
FeElectric,WOS:000348600200017,photocurrent direction,be switch in,photovoltaic device
FeElectric,WOS:000348600200017,photocurrent direction,be switch in,photovoltaic device with vertical cell configuration
FeElectric,WOS:000348600200017,direction,be switch repeatedly in,otp-based photovoltaic device with vertical cell configuration
FeElectric,WOS:000348600200017,photocurrent direction,apply,electric field of < 1v mu m
FeElectric,WOS:000348600200017,direction,apply,field
FeElectric,WOS:000348600200017,photocurrent direction,be switch in,device with vertical cell configuration
FeElectric,WOS:000348600200017,direction,be switch repeatedly in,otp-based device with vertical cell configuration
FeElectric,WOS:000348600200017,direction,be switch in,device with cell configuration
FeElectric,WOS:000348600200017,direction,apply,electric field of < 1v mu m
FeElectric,WOS:000348600200017,photocurrent direction,apply,electric field
FeElectric,WOS:000348600200017,photocurrent direction,apply,small electric field
FeElectric,WOS:000348600200017,photocurrent direction,be switch in,photovoltaic device with cell configuration
FeElectric,WOS:000348600200017,direction,be switch repeatedly in,photovoltaic device with vertical cell configuration
FeElectric,WOS:000348600200017,direction,be switch in,photovoltaic device with cell configuration
FeElectric,WOS:000348600200017,photocurrent direction,be switch in,otp-based device with cell configuration
FeElectric,WOS:000348600200017,direction,be switch repeatedly in,device with vertical cell configuration
FeElectric,WOS:000348600200017,photocurrent direction,apply,small field of 1v mu m
FeElectric,WOS:000348600200017,direction,be switch in,otp-based device
FeElectric,WOS:000348600200017,photocurrent direction,be switch in,otp-based device with vertical cell configuration
FeElectric,WOS:000348600200017,direction,be,switch repeatedly
FeElectric,WOS:000348600200017,photocurrent direction,be switch in,otp-based device
FeElectric,WOS:000348600200017,direction,apply,electric field of 1v mu m
FeElectric,WOS:000348600200017,photocurrent direction,apply,field of < 1v mu m
FeElectric,WOS:000348600200017,photocurrent direction,be,switch repeatedly
FeElectric,WOS:000348600200017,direction,be,switch
FeElectric,WOS:000348600200017,direction,apply,electric field
FeElectric,WOS:000348600200017,direction,apply,field of < 1v mu m
FeElectric,WOS:000348600200017,direction,be switch in,otp-based device with cell configuration
FeElectric,WOS:000348600200017,photocurrent direction,be switch in,otp-based photovoltaic device
FeElectric,WOS:000348600200017,photocurrent direction,be switch repeatedly in,otp-based device with cell configuration
FeElectric,WOS:000348600200017,photocurrent direction,be switch in,otp-based photovoltaic device with cell configuration
FeElectric,WOS:000348600200017,photocurrent direction,be switch repeatedly in,otp-based device with vertical cell configuration
FeElectric,WOS:000348600200017,photocurrent direction,be switch in,otp-based photovoltaic device with vertical cell configuration
FeElectric,WOS:000348600200017,photocurrent direction,be switch repeatedly in,otp-based device
FeElectric,WOS:000348600200017,direction,be switch repeatedly in,otp-based device with cell configuration
FeElectric,WOS:000348600200017,direction,be switch in,otp-based photovoltaic device with vertical cell configuration
FeElectric,WOS:000348600200017,photocurrent direction,be switch in,device
FeElectric,WOS:000348600200017,photocurrent direction,apply,field of 1v mu m
FeElectric,WOS:000348600200017,direction,be switch in,otp-based photovoltaic device with cell configuration
FeElectric,WOS:000348600200017,photocurrent direction,be switch repeatedly in,photovoltaic device with cell configuration
FeElectric,WOS:000348600200017,photocurrent direction,apply,small field of < 1v mu m
FeElectric,WOS:000348600200017,photocurrent direction,apply,field
FeElectric,WOS:000348600200017,direction,be switch repeatedly in,photovoltaic device
FeElectric,WOS:000348600200017,direction,be switch in,device
FeElectric,WOS:000348600200017,photocurrent direction,be switch in,device with cell configuration
FeElectric,WOS:000348600200017,direction,be switch repeatedly in,otp-based photovoltaic device with cell configuration
FeElectric,WOS:000348600200017,photocurrent direction,apply,electric field of 1v mu m
FeElectric,WOS:000348600200017,direction,apply,small electric field of 1v mu m
FeElectric,WOS:000348600200017,photocurrent direction,apply,small electric field of < 1v mu m
FeElectric,WOS:000348600200017,photocurrent direction,apply,small electric field of 1v mu m
FeElectric,WOS:000348600200017,photocurrent direction,be switch repeatedly in,otp-based photovoltaic device
FeElectric,WOS:000348600200017,photocurrent direction,apply,small field
FeElectric,WOS:000348600200017,direction,be switch in,photovoltaic device with vertical cell configuration
FeElectric,WOS:000348600200017,direction,be switch repeatedly in,photovoltaic device with cell configuration
FeElectric,WOS:000348600200017,direction,apply,small field of 1v mu m
FeElectric,WOS:000348600200017,photocurrent direction,be switch repeatedly in,device with cell configuration
FeElectric,WOS:000348600200017,photocurrent direction,be switch repeatedly in,otp-based photovoltaic device with vertical cell configuration
FeElectric,WOS:000348600200017,direction,be switch repeatedly in,device
FeElectric,WOS:000348600200017,direction,be switch in,otp-based photovoltaic device
FeElectric,WOS:000348600200017,photocurrent direction,be switch repeatedly in,device with vertical cell configuration
FeElectric,WOS:000348600200017,direction,apply,small electric field
FeElectric,WOS:000348600200017,direction,apply,small electric field of < 1v mu m
FeElectric,WOS:000348600200017,direction,apply,small field of < 1v mu m
FeElectric,WOS:000348600200017,photocurrent direction,be,switch
FeElectric,WOS:000348600200017,photocurrent direction,be switch repeatedly in,photovoltaic device with vertical cell configuration
FeElectric,WOS:000348600200017,direction,be switch in,photovoltaic device
FeElectric,WOS:000348600200017,direction,be switch repeatedly in,device with cell configuration
FeElectric,WOS:000348600200017,direction,be switch in,device with vertical cell configuration
FeElectric,WOS:000348600200017,direction,be switch repeatedly in,otp-based photovoltaic device
FeElectric,WOS:000348600200017,photocurrent direction,be switch repeatedly in,photovoltaic device
FeElectric,WOS:000348600200017,otp-based photovoltaic device,be with,vertical cell configuration
FeElectric,WOS:000348600200017,photocurrent direction,be switch repeatedly in,otp-based photovoltaic device with cell configuration
FeElectric,WOS:000348600200017,photocurrent direction,be switch repeatedly in,device
FeElectric,WOS:000348600200017,direction,apply,field of 1v mu m
FeElectric,WOS:000348600200017,photocurrent,reach,20.1 macm
FeElectric,WOS:000348600200017,one sun illumination,be in,OTP device
FeElectric,WOS:000348600200017,field-switchable effect,can,can explain by formation of p-i-n structure induce by ion drift in layer
FeElectric,WOS:000348600200017,field-switchable photovoltaic effect,can,can explain by formation of structure
FeElectric,WOS:000348600200017,field-switchable effect,can,can explain by formation of reversible structure induce in perovskite layer
FeElectric,WOS:000348600200017,field-switchable effect,can,can explain by formation of reversible structure induce
FeElectric,WOS:000348600200017,field-switchable photovoltaic effect,can,can explain by formation of p-i-n structure induce in layer
FeElectric,WOS:000348600200017,photovoltaic effect,can,can explain by formation of structure induce by ion drift in layer
FeElectric,WOS:000348600200017,effect,can,can explain by formation of structure induce in perovskite layer
FeElectric,WOS:000348600200017,effect,can,can explain by formation of reversible structure induce in layer
FeElectric,WOS:000348600200017,effect,can,can explain by formation of reversible structure induce by ion drift
FeElectric,WOS:000348600200017,field-switchable effect,can,can explain by formation of p-i-n structure induce in layer
FeElectric,WOS:000348600200017,effect,can,can explain by formation of structure induce in layer
FeElectric,WOS:000348600200017,photovoltaic effect,can,can explain by formation of reversible p-i-n structure induce by ion drift in perovskite layer
FeElectric,WOS:000348600200017,field-switchable effect,can,can explain
FeElectric,WOS:000348600200017,effect,can,can explain by formation of structure induce by ion drift in perovskite layer
FeElectric,WOS:000348600200017,field-switchable effect,can,can explain by formation of reversible structure induce in layer
FeElectric,WOS:000348600200017,photovoltaic effect,can,can explain by formation of reversible structure induce in perovskite layer
FeElectric,WOS:000348600200017,field-switchable photovoltaic effect,can,can explain by formation of reversible structure induce in perovskite layer
FeElectric,WOS:000348600200017,effect,can,can explain by formation of reversible p-i-n structure induce by ion drift in perovskite layer
FeElectric,WOS:000348600200017,field-switchable effect,can,can explain by formation of p-i-n structure induce
FeElectric,WOS:000348600200017,field-switchable photovoltaic effect,can,can explain by formation of reversible structure induce
FeElectric,WOS:000348600200017,photovoltaic effect,can,can explain
FeElectric,WOS:000348600200017,photovoltaic effect,can,can explain by formation of structure induce by ion drift
FeElectric,WOS:000348600200017,field-switchable effect,can,can explain by formation of structure induce
FeElectric,WOS:000348600200017,photovoltaic effect,can,can explain by formation of structure induce by ion drift in perovskite layer
FeElectric,WOS:000348600200017,effect,can,can explain by formation of p-i-n structure induce by ion drift
FeElectric,WOS:000348600200017,photovoltaic effect,can,can explain by formation of p-i-n structure induce by ion drift
FeElectric,WOS:000348600200017,effect,can,can explain by formation of reversible structure induce in perovskite layer
FeElectric,WOS:000348600200017,effect,can,can explain by formation of p-i-n structure induce
FeElectric,WOS:000348600200017,effect,can,can explain by formation of p-i-n structure
FeElectric,WOS:000348600200017,photovoltaic effect,can,can explain by formation of p-i-n structure induce in layer
FeElectric,WOS:000348600200017,field-switchable effect,can,can explain by formation of structure induce in perovskite layer
FeElectric,WOS:000348600200017,effect,can,can explain by formation of reversible structure induce
FeElectric,WOS:000348600200017,photovoltaic effect,can,can explain by formation of reversible structure induce by ion drift in layer
FeElectric,WOS:000348600200017,effect,can,can explain by formation of reversible structure induce by ion drift in layer
FeElectric,WOS:000348600200017,field-switchable effect,can,can explain by formation of p-i-n structure
FeElectric,WOS:000348600200017,field-switchable effect,can,can explain by formation of reversible p-i-n structure induce in layer
FeElectric,WOS:000348600200017,field-switchable photovoltaic effect,can,can explain by formation of reversible p-i-n structure induce
FeElectric,WOS:000348600200017,field-switchable photovoltaic effect,can,can explain
FeElectric,WOS:000348600200017,field-switchable photovoltaic effect,can,can explain by formation of reversible structure induce in layer
FeElectric,WOS:000348600200017,effect,can,can explain by formation of reversible p-i-n structure
FeElectric,WOS:000348600200017,photovoltaic effect,can,can explain by formation of reversible structure induce by ion drift in perovskite layer
FeElectric,WOS:000348600200017,field-switchable photovoltaic effect,can,can explain by formation of reversible structure
FeElectric,WOS:000348600200017,field-switchable photovoltaic effect,can,can explain by formation of reversible p-i-n structure induce by ion drift in layer
FeElectric,WOS:000348600200017,field-switchable effect,can,can explain by formation of reversible p-i-n structure
FeElectric,WOS:000348600200017,photovoltaic effect,can,can explain by formation of p-i-n structure induce in perovskite layer
FeElectric,WOS:000348600200017,photovoltaic effect,can,can explain by formation of reversible p-i-n structure induce by ion drift in layer
FeElectric,WOS:000348600200017,photovoltaic effect,can,can explain by formation of reversible structure
FeElectric,WOS:000348600200017,field-switchable effect,can,can explain by formation of p-i-n structure induce in perovskite layer
FeElectric,WOS:000348600200017,field-switchable effect,can,can explain by formation
FeElectric,WOS:000348600200017,effect,can,can explain by formation of structure induce by ion drift in layer
FeElectric,WOS:000348600200017,photovoltaic effect,can,can explain by formation of reversible structure induce
FeElectric,WOS:000348600200017,field-switchable photovoltaic effect,can,can explain by formation of structure induce in perovskite layer
FeElectric,WOS:000348600200017,effect,can,can explain by formation of structure induce by ion drift
FeElectric,WOS:000348600200017,field-switchable photovoltaic effect,can,can explain by formation of structure induce in layer
FeElectric,WOS:000348600200017,effect,can,can explain by formation of reversible structure
FeElectric,WOS:000348600200017,field-switchable photovoltaic effect,can,can explain by formation of p-i-n structure induce by ion drift
FeElectric,WOS:000348600200017,effect,can,can explain by formation
FeElectric,WOS:000348600200017,field-switchable photovoltaic effect,can,can explain by formation of reversible structure induce by ion drift in perovskite layer
FeElectric,WOS:000348600200017,photovoltaic effect,can,can explain by formation of reversible p-i-n structure
FeElectric,WOS:000348600200017,effect,can,can explain by formation of reversible p-i-n structure induce
FeElectric,WOS:000348600200017,photovoltaic effect,can,can explain by formation of reversible structure induce in layer
FeElectric,WOS:000348600200017,field-switchable photovoltaic effect,can,can explain by formation of reversible p-i-n structure induce by ion drift
FeElectric,WOS:000348600200017,photovoltaic effect,can,can explain by formation of reversible p-i-n structure induce in layer
FeElectric,WOS:000348600200017,effect,can,can explain by formation of reversible p-i-n structure induce in perovskite layer
FeElectric,WOS:000348600200017,field-switchable effect,can,can explain by formation of p-i-n structure induce by ion drift in perovskite layer
FeElectric,WOS:000348600200017,field-switchable effect,can,can explain by formation of reversible p-i-n structure induce
FeElectric,WOS:000348600200017,field-switchable photovoltaic effect,can,can explain by formation of structure induce by ion drift in perovskite layer
FeElectric,WOS:000348600200017,field-switchable effect,can,can explain by formation of reversible p-i-n structure induce by ion drift in layer
FeElectric,WOS:000348600200017,photovoltaic effect,can,can explain by formation of p-i-n structure induce by ion drift in layer
FeElectric,WOS:000348600200017,field-switchable effect,can,can explain by formation of reversible structure induce by ion drift
FeElectric,WOS:000348600200017,effect,can,can explain
FeElectric,WOS:000348600200017,effect,can,can explain by formation of reversible p-i-n structure induce by ion drift
FeElectric,WOS:000348600200017,photovoltaic effect,can,can explain by formation of reversible structure induce by ion drift
FeElectric,WOS:000348600200017,photovoltaic effect,can,can explain by formation of reversible p-i-n structure induce
FeElectric,WOS:000348600200017,effect,can,can explain by formation of reversible structure induce by ion drift in perovskite layer
FeElectric,WOS:000348600200017,field-switchable effect,can,can explain by formation of structure induce by ion drift in perovskite layer
FeElectric,WOS:000348600200017,field-switchable photovoltaic effect,can,can explain by formation of structure induce by ion drift
FeElectric,WOS:000348600200017,field-switchable photovoltaic effect,can,can explain by formation of reversible p-i-n structure induce in layer
FeElectric,WOS:000348600200017,effect,can,can explain by formation of p-i-n structure induce by ion drift in perovskite layer
FeElectric,WOS:000348600200017,field-switchable effect,can,can explain by formation of reversible p-i-n structure induce in perovskite layer
FeElectric,WOS:000348600200017,field-switchable effect,can,can explain by formation of reversible structure induce by ion drift in perovskite layer
FeElectric,WOS:000348600200017,field-switchable photovoltaic effect,can,can explain by formation of p-i-n structure induce by ion drift in perovskite layer
FeElectric,WOS:000348600200017,field-switchable effect,can,can explain by formation of p-i-n structure induce by ion drift
FeElectric,WOS:000348600200017,field-switchable photovoltaic effect,can,can explain by formation of reversible p-i-n structure induce by ion drift in perovskite layer
FeElectric,WOS:000348600200017,field-switchable photovoltaic effect,can,can explain by formation of reversible p-i-n structure
FeElectric,WOS:000348600200017,photovoltaic effect,can,can explain by formation of structure induce in perovskite layer
FeElectric,WOS:000348600200017,field-switchable photovoltaic effect,can,can explain by formation of p-i-n structure induce
FeElectric,WOS:000348600200017,field-switchable effect,can,can explain by formation of structure induce in layer
FeElectric,WOS:000348600200017,field-switchable photovoltaic effect,can,can explain by formation of p-i-n structure induce in perovskite layer
FeElectric,WOS:000348600200017,photovoltaic effect,can,can explain by formation of structure induce
FeElectric,WOS:000348600200017,effect,can,can explain by formation of structure induce
FeElectric,WOS:000348600200017,photovoltaic effect,can,can explain by formation of structure induce in layer
FeElectric,WOS:000348600200017,photovoltaic effect,can,can explain by formation of p-i-n structure induce by ion drift in perovskite layer
FeElectric,WOS:000348600200017,field-switchable photovoltaic effect,can,can explain by formation of p-i-n structure
FeElectric,WOS:000348600200017,field-switchable effect,can,can explain by formation of structure induce by ion drift in layer
FeElectric,WOS:000348600200017,field-switchable photovoltaic effect,can,can explain by formation of p-i-n structure induce by ion drift in layer
FeElectric,WOS:000348600200017,field-switchable effect,can,can explain by formation of reversible p-i-n structure induce by ion drift
FeElectric,WOS:000348600200017,photovoltaic effect,can,can explain by formation of p-i-n structure induce
FeElectric,WOS:000348600200017,photovoltaic effect,can,can explain by formation of p-i-n structure
FeElectric,WOS:000348600200017,effect,can,can explain by formation of structure
FeElectric,WOS:000348600200017,field-switchable photovoltaic effect,can,can explain by formation
FeElectric,WOS:000348600200017,field-switchable photovoltaic effect,can,can explain by formation of reversible structure induce by ion drift
FeElectric,WOS:000348600200017,photovoltaic effect,can,can explain by formation of reversible p-i-n structure induce in perovskite layer
FeElectric,WOS:000348600200017,photovoltaic effect,can,can explain by formation of structure
FeElectric,WOS:000348600200017,field-switchable effect,can,can explain by formation of reversible p-i-n structure induce by ion drift in perovskite layer
FeElectric,WOS:000348600200017,field-switchable photovoltaic effect,can,can explain by formation of structure induce by ion drift in layer
FeElectric,WOS:000348600200017,photovoltaic effect,can,can explain by formation
FeElectric,WOS:000348600200017,effect,can,can explain by formation of p-i-n structure induce in layer
FeElectric,WOS:000348600200017,field-switchable effect,can,can explain by formation of reversible structure induce by ion drift in layer
FeElectric,WOS:000348600200017,effect,can,can explain by formation of p-i-n structure induce by ion drift in layer
FeElectric,WOS:000348600200017,effect,can,can explain by formation of reversible p-i-n structure induce in layer
FeElectric,WOS:000348600200017,effect,can,can explain by formation of reversible p-i-n structure induce by ion drift in layer
FeElectric,WOS:000348600200017,field-switchable effect,can,can explain by formation of structure induce by ion drift
FeElectric,WOS:000348600200017,field-switchable photovoltaic effect,can,can explain by formation of reversible p-i-n structure induce in perovskite layer
FeElectric,WOS:000348600200017,field-switchable photovoltaic effect,can,can explain by formation of structure induce
FeElectric,WOS:000348600200017,field-switchable effect,can,can explain by formation of reversible structure
FeElectric,WOS:000348600200017,field-switchable photovoltaic effect,can,can explain by formation of reversible structure induce by ion drift in layer
FeElectric,WOS:000348600200017,photovoltaic effect,can,can explain by formation of reversible p-i-n structure induce by ion drift
FeElectric,WOS:000348600200017,effect,can,can explain by formation of p-i-n structure induce in perovskite layer
FeElectric,WOS:000348600200017,field-switchable effect,can,can explain by formation of structure
FeElectric,WOS:000348600200017,demonstration,pave,way for solar cell design for exploitation in electrically readable memristor
FeElectric,WOS:000348600200017,demonstration,pave,way for innovative cell design for exploitation of otp material in readable memristor
FeElectric,WOS:000348600200017,demonstration,pave,way for cell design for exploitation of otp material
FeElectric,WOS:000348600200017,demonstration,pave,way for exploitation in memristor
FeElectric,WOS:000348600200017,demonstration,pave,way for innovative solar cell design for exploitation in electrically readable memristor
FeElectric,WOS:000348600200017,demonstration,pave,way for innovative cell design for exploitation in readable memristor
FeElectric,WOS:000348600200017,demonstration,pave,way for innovative cell design for exploitation in electrically readable memristor
FeElectric,WOS:000348600200017,demonstration,pave,way for innovative solar cell design for exploitation of otp material in readable memristor
FeElectric,WOS:000348600200017,demonstration,pave,way for exploitation in readable memristor
FeElectric,WOS:000348600200017,demonstration,pave,way for cell design for exploitation in readable memristor
FeElectric,WOS:000348600200017,demonstration,pave,way for solar cell design for exploitation
FeElectric,WOS:000348600200017,demonstration,pave,way for innovative cell design for exploitation in memristor
FeElectric,WOS:000348600200017,demonstration,pave,way for solar cell design for exploitation in memristor
FeElectric,WOS:000348600200017,demonstration,pave,way for cell design for exploitation of otp material in readable memristor
FeElectric,WOS:000348600200017,demonstration,pave,way for solar cell design
FeElectric,WOS:000348600200017,demonstration,pave,way for solar cell design for exploitation of otp material in memristor
FeElectric,WOS:000348600200017,demonstration,pave,way for innovative solar cell design
FeElectric,WOS:000348600200017,exploitation,be in,electrically readable memristor
FeElectric,WOS:000348600200017,demonstration,pave,way for innovative cell design for exploitation of otp material in electrically readable memristor
FeElectric,WOS:000348600200017,demonstration,pave,way
FeElectric,WOS:000348600200017,demonstration,pave,way for innovative solar cell design for exploitation
FeElectric,WOS:000348600200017,demonstration,pave,way for cell design for exploitation in electrically readable memristor
FeElectric,WOS:000348600200017,demonstration,pave,way for cell design
FeElectric,WOS:000348600200017,demonstration,pave,way for solar cell design for exploitation of otp material in readable memristor
FeElectric,WOS:000348600200017,demonstration,pave,way for cell design for exploitation in memristor
FeElectric,WOS:000348600200017,demonstration,pave,way for innovative solar cell design for exploitation of otp material in electrically readable memristor
FeElectric,WOS:000348600200017,demonstration,pave,way for innovative cell design for exploitation of otp material in memristor
FeElectric,WOS:000348600200017,demonstration,pave,way for innovative solar cell design for exploitation of otp material
FeElectric,WOS:000348600200017,demonstration,pave,way for innovative solar cell design for exploitation in readable memristor
FeElectric,WOS:000348600200017,demonstration,pave,way for exploitation of otp material in electrically readable memristor
FeElectric,WOS:000348600200017,demonstration,pave,way for exploitation
FeElectric,WOS:000348600200017,demonstration,pave,way for exploitation of otp material in memristor
FeElectric,WOS:000348600200017,demonstration,pave,way for innovative cell design for exploitation of otp material
FeElectric,WOS:000348600200017,demonstration,pave,way for solar cell design for exploitation in readable memristor
FeElectric,WOS:000348600200017,demonstration,pave,way for innovative solar cell design for exploitation of otp material in memristor
FeElectric,WOS:000348600200017,demonstration,pave,way for solar cell design for exploitation of otp material in electrically readable memristor
FeElectric,WOS:000348600200017,demonstration,pave,way for cell design for exploitation
FeElectric,WOS:000348600200017,demonstration,pave,way for exploitation of otp material
FeElectric,WOS:000348600200017,demonstration,pave,way for cell design for exploitation of otp material in electrically readable memristor
FeElectric,WOS:000348600200017,demonstration,pave,way for innovative cell design
FeElectric,WOS:000348600200017,demonstration,pave,way for exploitation in electrically readable memristor
FeElectric,WOS:000348600200017,demonstration,pave,way for solar cell design for exploitation of otp material
FeElectric,WOS:000348600200017,demonstration,pave,way for cell design for exploitation of otp material in memristor
FeElectric,WOS:000348600200017,demonstration,pave,way for innovative solar cell design for exploitation in memristor
FeElectric,WOS:000348600200017,demonstration,pave,way for innovative cell design for exploitation
FeElectric,WOS:000348600200017,demonstration,pave,way for exploitation of otp material in readable memristor
